,mean_fit_time,std_fit_time,mean_score_time,std_score_time,param_bagging_fraction,param_feature_fraction,param_learning_rate,param_max_bins,param_max_depth,param_n_estimators,param_num_leaves,params,split0_test_r2,split1_test_r2,split2_test_r2,split3_test_r2,split4_test_r2,mean_test_r2,std_test_r2,rank_test_r2
66,0.26766018867492675,0.037459202449993984,0.006691694259643555,0.0005934367268513648,0.9,0.9,0.01,20,9,1000,10,"{'bagging_fraction': 0.9, 'feature_fraction': 0.9, 'learning_rate': 0.01, 'max_bins': 20, 'max_depth': 9, 'n_estimators': 1000, 'num_leaves': 10}",0.613308556844119,0.6035155979922459,0.6417194149432675,0.5996632854838735,0.5804958082717003,0.6077405327070412,0.0200545971608533,1
33,3.4666021347045897,0.5224796349718894,0.062023162841796875,0.009173840970533921,0.9,0.9,0.001,20,9,10000,10,"{'bagging_fraction': 0.9, 'feature_fraction': 0.9, 'learning_rate': 0.001, 'max_bins': 20, 'max_depth': 9, 'n_estimators': 10000, 'num_leaves': 10}",0.6112127222643196,0.60299422281476,0.6385096842752223,0.6025510198814292,0.5806960917823697,0.6071927482036201,0.018644874551067565,2
27,3.051451587677002,0.3125560974142936,0.056036758422851565,0.0035080008166582678,0.9,0.9,0.001,20,6,10000,10,"{'bagging_fraction': 0.9, 'feature_fraction': 0.9, 'learning_rate': 0.001, 'max_bins': 20, 'max_depth': 6, 'n_estimators': 10000, 'num_leaves': 10}",0.6123548812591155,0.599884572587621,0.6382842814813809,0.6016453279980283,0.5814047505467933,0.6067147627745878,0.018662222985556195,3
67,0.4525439262390137,0.04167208538669007,0.00880289077758789,0.0008739816100218831,0.9,0.9,0.01,20,9,1000,20,"{'bagging_fraction': 0.9, 'feature_fraction': 0.9, 'learning_rate': 0.01, 'max_bins': 20, 'max_depth': 9, 'n_estimators': 1000, 'num_leaves': 20}",0.611991053300532,0.5878754661502936,0.6484299195760393,0.5975869161473302,0.5848440070136529,0.6061454724375697,0.023164368025690208,4
60,0.29643840789794923,0.01825502028299094,0.007328462600708008,0.0007946325412557066,0.9,0.9,0.01,20,6,1000,10,"{'bagging_fraction': 0.9, 'feature_fraction': 0.9, 'learning_rate': 0.01, 'max_bins': 20, 'max_depth': 6, 'n_estimators': 1000, 'num_leaves': 10}",0.6117999803044412,0.6023397596013156,0.6361846910493434,0.6015736380689367,0.5772252020228099,0.6058246542093694,0.01900305582212391,5
28,4.13729772567749,0.2744659058527966,0.08101129531860352,0.0022973154167885202,0.9,0.9,0.001,20,6,10000,20,"{'bagging_fraction': 0.9, 'feature_fraction': 0.9, 'learning_rate': 0.001, 'max_bins': 20, 'max_depth': 6, 'n_estimators': 10000, 'num_leaves': 20}",0.6133543172348968,0.5897824771391901,0.6445876626060736,0.6039632544261991,0.5732098116708861,0.6049795046154491,0.024000997746653225,6
34,5.100545930862427,0.5845005370670999,0.09265832901000977,0.01294782254554222,0.9,0.9,0.001,20,9,10000,20,"{'bagging_fraction': 0.9, 'feature_fraction': 0.9, 'learning_rate': 0.001, 'max_bins': 20, 'max_depth': 9, 'n_estimators': 10000, 'num_leaves': 20}",0.6152602889758891,0.580476853540002,0.6525063511209505,0.597320322880524,0.5785967595279009,0.6048321152090533,0.027274454203763766,7
92,0.27490954399108886,0.09932283418536486,0.008392953872680664,0.0020533088938905638,0.9,0.9,0.03,20,3,1000,30,"{'bagging_fraction': 0.9, 'feature_fraction': 0.9, 'learning_rate': 0.03, 'max_bins': 20, 'max_depth': 3, 'n_estimators': 1000, 'num_leaves': 30}",0.6140503285430406,0.5931801176835215,0.6447152423502674,0.5815542827910261,0.5893422546107143,0.604568445195714,0.022772149604401496,8
91,0.2275460720062256,0.0340431434306474,0.007282447814941406,0.0008776689060164619,0.9,0.9,0.03,20,3,1000,20,"{'bagging_fraction': 0.9, 'feature_fraction': 0.9, 'learning_rate': 0.03, 'max_bins': 20, 'max_depth': 3, 'n_estimators': 1000, 'num_leaves': 20}",0.6140503285430406,0.5931801176835215,0.6447152423502674,0.5815542827910261,0.5893422546107143,0.604568445195714,0.022772149604401496,8
90,0.2365671157836914,0.028660705414750565,0.008534812927246093,0.001108366762807681,0.9,0.9,0.03,20,3,1000,10,"{'bagging_fraction': 0.9, 'feature_fraction': 0.9, 'learning_rate': 0.03, 'max_bins': 20, 'max_depth': 3, 'n_estimators': 1000, 'num_leaves': 10}",0.6140503285430406,0.5931801176835215,0.6447152423502674,0.5815542827910261,0.5893422546107143,0.604568445195714,0.022772149604401496,8
22,2.2209890365600584,0.1186149462566495,0.04652256965637207,0.0017903571769046843,0.9,0.9,0.001,20,3,10000,20,"{'bagging_fraction': 0.9, 'feature_fraction': 0.9, 'learning_rate': 0.001, 'max_bins': 20, 'max_depth': 3, 'n_estimators': 10000, 'num_leaves': 20}",0.6061172656599065,0.6022162258226028,0.6407061387135791,0.6049484155313436,0.5675607844675379,0.604309766038994,0.02316567041593154,11
21,2.2738951206207276,0.15553681719774687,0.04749131202697754,0.0050067416393108684,0.9,0.9,0.001,20,3,10000,10,"{'bagging_fraction': 0.9, 'feature_fraction': 0.9, 'learning_rate': 0.001, 'max_bins': 20, 'max_depth': 3, 'n_estimators': 10000, 'num_leaves': 10}",0.6061172656599065,0.6022162258226028,0.6407061387135791,0.6049484155313436,0.5675607844675379,0.604309766038994,0.02316567041593154,11
23,2.173775148391724,0.1316249820947624,0.04885363578796387,0.003939220604839324,0.9,0.9,0.001,20,3,10000,30,"{'bagging_fraction': 0.9, 'feature_fraction': 0.9, 'learning_rate': 0.001, 'max_bins': 20, 'max_depth': 3, 'n_estimators': 10000, 'num_leaves': 30}",0.6061172656599065,0.6022162258226028,0.6407061387135791,0.6049484155313436,0.5675607844675379,0.604309766038994,0.02316567041593154,11
56,0.24052958488464354,0.04200821108850179,0.006103897094726562,0.00044126866159682434,0.9,0.9,0.01,20,3,1000,30,"{'bagging_fraction': 0.9, 'feature_fraction': 0.9, 'learning_rate': 0.01, 'max_bins': 20, 'max_depth': 3, 'n_estimators': 1000, 'num_leaves': 30}",0.6077055626558217,0.6023554860134591,0.6388914310334223,0.6033373656320149,0.5667867419451578,0.6038153174559752,0.022886426988762528,14
55,0.2058104991912842,0.02131940101377065,0.007917690277099609,0.0024016797290431807,0.9,0.9,0.01,20,3,1000,20,"{'bagging_fraction': 0.9, 'feature_fraction': 0.9, 'learning_rate': 0.01, 'max_bins': 20, 'max_depth': 3, 'n_estimators': 1000, 'num_leaves': 20}",0.6077055626558217,0.6023554860134591,0.6388914310334223,0.6033373656320149,0.5667867419451578,0.6038153174559752,0.022886426988762528,14
54,0.24848484992980957,0.05647501212305791,0.006165456771850586,0.0004368224865187386,0.9,0.9,0.01,20,3,1000,10,"{'bagging_fraction': 0.9, 'feature_fraction': 0.9, 'learning_rate': 0.01, 'max_bins': 20, 'max_depth': 3, 'n_estimators': 1000, 'num_leaves': 10}",0.6077055626558217,0.6023554860134591,0.6388914310334223,0.6033373656320149,0.5667867419451578,0.6038153174559752,0.022886426988762528,14
61,0.48465566635131835,0.11892151462461592,0.008416032791137696,0.000962462377404818,0.9,0.9,0.01,20,6,1000,20,"{'bagging_fraction': 0.9, 'feature_fraction': 0.9, 'learning_rate': 0.01, 'max_bins': 20, 'max_depth': 6, 'n_estimators': 1000, 'num_leaves': 20}",0.611795904987088,0.5855773158918929,0.640095080913092,0.6028855471223623,0.5745103593998878,0.6029728416628646,0.022665532983497164,17
62,0.5102635860443115,0.05029828238853045,0.01037898063659668,0.0020693562382248652,0.9,0.9,0.01,20,6,1000,30,"{'bagging_fraction': 0.9, 'feature_fraction': 0.9, 'learning_rate': 0.01, 'max_bins': 20, 'max_depth': 6, 'n_estimators': 1000, 'num_leaves': 30}",0.6074289802964002,0.591628310857572,0.6404844426348373,0.5916233679176471,0.5776815549637787,0.6017693313340471,0.021526231949994926,18
29,4.890787982940674,0.2741518971481932,0.09936609268188476,0.01742397258788752,0.9,0.9,0.001,20,6,10000,30,"{'bagging_fraction': 0.9, 'feature_fraction': 0.9, 'learning_rate': 0.001, 'max_bins': 20, 'max_depth': 6, 'n_estimators': 10000, 'num_leaves': 30}",0.6108714647758935,0.5950702008088333,0.6357158015641614,0.5890757063147861,0.5728744454812627,0.6007215237889874,0.02131029359435809,19
35,6.628810405731201,0.04173485052812299,0.10989165306091309,0.00416733641063738,0.9,0.9,0.001,20,9,10000,30,"{'bagging_fraction': 0.9, 'feature_fraction': 0.9, 'learning_rate': 0.001, 'max_bins': 20, 'max_depth': 9, 'n_estimators': 10000, 'num_leaves': 30}",0.6123241143989997,0.5785217106515799,0.6374500235610949,0.5857661304257056,0.580310986229545,0.5988745930533851,0.02280189718472741,20
68,0.5463596820831299,0.05856725909757289,0.009412860870361328,0.0012965587846637027,0.9,0.9,0.01,20,9,1000,30,"{'bagging_fraction': 0.9, 'feature_fraction': 0.9, 'learning_rate': 0.01, 'max_bins': 20, 'max_depth': 9, 'n_estimators': 1000, 'num_leaves': 30}",0.6187412949824429,0.5704299769075122,0.6346169343797953,0.5813702872777742,0.5783322602925454,0.5966981507680139,0.0252428233268511,21
5,2.328562116622925,0.15336798702606458,0.04638218879699707,0.005024154676095801,0.9,0.9,0.001,10,3,10000,30,"{'bagging_fraction': 0.9, 'feature_fraction': 0.9, 'learning_rate': 0.001, 'max_bins': 10, 'max_depth': 3, 'n_estimators': 10000, 'num_leaves': 30}",0.5878470422181843,0.5974104467424256,0.6209678521739167,0.6003503023404824,0.560782785101551,0.593471685715312,0.019591167463069693,22
4,2.4264477252960206,0.3170994560066385,0.0476193904876709,0.004143012496492344,0.9,0.9,0.001,10,3,10000,20,"{'bagging_fraction': 0.9, 'feature_fraction': 0.9, 'learning_rate': 0.001, 'max_bins': 10, 'max_depth': 3, 'n_estimators': 10000, 'num_leaves': 20}",0.5878470422181843,0.5974104467424256,0.6209678521739167,0.6003503023404824,0.560782785101551,0.593471685715312,0.019591167463069693,22
3,2.4708394527435305,0.14345342242472892,0.041703414916992185,0.0037884265280044385,0.9,0.9,0.001,10,3,10000,10,"{'bagging_fraction': 0.9, 'feature_fraction': 0.9, 'learning_rate': 0.001, 'max_bins': 10, 'max_depth': 3, 'n_estimators': 10000, 'num_leaves': 10}",0.5878470422181843,0.5974104467424256,0.6209678521739167,0.6003503023404824,0.560782785101551,0.593471685715312,0.019591167463069693,22
36,0.20641770362854003,0.023805189815856685,0.008683109283447265,0.0027921622564395167,0.9,0.9,0.01,10,3,1000,10,"{'bagging_fraction': 0.9, 'feature_fraction': 0.9, 'learning_rate': 0.01, 'max_bins': 10, 'max_depth': 3, 'n_estimators': 1000, 'num_leaves': 10}",0.5885029365381391,0.5957820439112702,0.6219590124756231,0.5998540163953242,0.5607163202888301,0.5933628659218373,0.019774442645607772,25
37,0.21589422225952148,0.02807121810775726,0.006748628616333008,0.0021412396529179745,0.9,0.9,0.01,10,3,1000,20,"{'bagging_fraction': 0.9, 'feature_fraction': 0.9, 'learning_rate': 0.01, 'max_bins': 10, 'max_depth': 3, 'n_estimators': 1000, 'num_leaves': 20}",0.5885029365381391,0.5957820439112702,0.6219590124756231,0.5998540163953242,0.5607163202888301,0.5933628659218373,0.019774442645607772,25
38,0.23206043243408203,0.0381479121402447,0.007750225067138672,0.0016326738043633837,0.9,0.9,0.01,10,3,1000,30,"{'bagging_fraction': 0.9, 'feature_fraction': 0.9, 'learning_rate': 0.01, 'max_bins': 10, 'max_depth': 3, 'n_estimators': 1000, 'num_leaves': 30}",0.5885029365381391,0.5957820439112702,0.6219590124756231,0.5998540163953242,0.5607163202888301,0.5933628659218373,0.019774442645607772,25
96,0.3888123035430908,0.1664799009739359,0.007902860641479492,0.0021789929380153054,0.9,0.9,0.03,20,6,1000,10,"{'bagging_fraction': 0.9, 'feature_fraction': 0.9, 'learning_rate': 0.03, 'max_bins': 20, 'max_depth': 6, 'n_estimators': 1000, 'num_leaves': 10}",0.5990288969203457,0.5648519938583847,0.6402881560189608,0.5773964845780777,0.5762496548897122,0.5915630372530962,0.026752745626025413,28
42,0.295745849609375,0.020967530568706063,0.006668567657470703,0.00039320418244281354,0.9,0.9,0.01,10,6,1000,10,"{'bagging_fraction': 0.9, 'feature_fraction': 0.9, 'learning_rate': 0.01, 'max_bins': 10, 'max_depth': 6, 'n_estimators': 1000, 'num_leaves': 10}",0.5977011985566665,0.5724802519112264,0.6266511801321378,0.5923603188048344,0.5594005583517968,0.5897187015513323,0.023026334173453816,29
48,0.3378561496734619,0.02603933458049919,0.007740306854248047,0.0012637733094696413,0.9,0.9,0.01,10,9,1000,10,"{'bagging_fraction': 0.9, 'feature_fraction': 0.9, 'learning_rate': 0.01, 'max_bins': 10, 'max_depth': 9, 'n_estimators': 1000, 'num_leaves': 10}",0.597860932098155,0.5760092773039469,0.6243394281249739,0.5897563041817315,0.5565150467233062,0.5888961976864227,0.02259177055839946,30
9,3.192593002319336,0.299847622261718,0.055028676986694336,0.005733927956605995,0.9,0.9,0.001,10,6,10000,10,"{'bagging_fraction': 0.9, 'feature_fraction': 0.9, 'learning_rate': 0.001, 'max_bins': 10, 'max_depth': 6, 'n_estimators': 10000, 'num_leaves': 10}",0.5975858995792624,0.5668812709720523,0.6214858623367191,0.5949451852831349,0.5628419213884834,0.5887480279119304,0.02162202558590879,31
15,3.1258948802948,0.18841451876912102,0.05468606948852539,0.004534254729491856,0.9,0.9,0.001,10,9,10000,10,"{'bagging_fraction': 0.9, 'feature_fraction': 0.9, 'learning_rate': 0.001, 'max_bins': 10, 'max_depth': 9, 'n_estimators': 10000, 'num_leaves': 10}",0.5956429124184514,0.5699399493575167,0.6225326757765948,0.5912209940480119,0.5577571659573138,0.5874187395115776,0.02236246735291245,32
102,0.24721527099609375,0.019758937374534866,0.009741449356079101,0.003349204983170402,0.9,0.9,0.03,20,9,1000,10,"{'bagging_fraction': 0.9, 'feature_fraction': 0.9, 'learning_rate': 0.03, 'max_bins': 20, 'max_depth': 9, 'n_estimators': 1000, 'num_leaves': 10}",0.5938965495108293,0.5551284662811538,0.6351661192688476,0.571160994750981,0.5785728589484428,0.586784997752051,0.027221284928951824,33
72,0.25082969665527344,0.07053656083418315,0.008077716827392578,0.002442065298079199,0.9,0.9,0.03,10,3,1000,10,"{'bagging_fraction': 0.9, 'feature_fraction': 0.9, 'learning_rate': 0.03, 'max_bins': 10, 'max_depth': 3, 'n_estimators': 1000, 'num_leaves': 10}",0.5884128895514256,0.56447122547559,0.6227766985942829,0.5829015392104355,0.5697199146363268,0.5856564534936122,0.020473823510559472,34
73,0.19995980262756347,0.02394715060980805,0.00884246826171875,0.0032038455385453796,0.9,0.9,0.03,10,3,1000,20,"{'bagging_fraction': 0.9, 'feature_fraction': 0.9, 'learning_rate': 0.03, 'max_bins': 10, 'max_depth': 3, 'n_estimators': 1000, 'num_leaves': 20}",0.5884128895514256,0.56447122547559,0.6227766985942829,0.5829015392104355,0.5697199146363268,0.5856564534936122,0.020473823510559472,34
74,0.19236598014831544,0.011378945945001643,0.007439708709716797,0.0013906487792690687,0.9,0.9,0.03,10,3,1000,30,"{'bagging_fraction': 0.9, 'feature_fraction': 0.9, 'learning_rate': 0.03, 'max_bins': 10, 'max_depth': 3, 'n_estimators': 1000, 'num_leaves': 30}",0.5884128895514256,0.56447122547559,0.6227766985942829,0.5829015392104355,0.5697199146363268,0.5856564534936122,0.020473823510559472,34
98,0.4762716770172119,0.049121896003507595,0.008801126480102539,0.0006650375654512958,0.9,0.9,0.03,20,6,1000,30,"{'bagging_fraction': 0.9, 'feature_fraction': 0.9, 'learning_rate': 0.03, 'max_bins': 20, 'max_depth': 6, 'n_estimators': 1000, 'num_leaves': 30}",0.5928231672947719,0.5570844217288424,0.6267255767700021,0.5633870571914944,0.5655504072729798,0.5811141260516182,0.025889809137579895,37
97,0.4030972957611084,0.014037215356809562,0.010088729858398437,0.001683038102952528,0.9,0.9,0.03,20,6,1000,20,"{'bagging_fraction': 0.9, 'feature_fraction': 0.9, 'learning_rate': 0.03, 'max_bins': 20, 'max_depth': 6, 'n_estimators': 1000, 'num_leaves': 20}",0.5965165488688144,0.545784116038994,0.6294535395950489,0.5643498736535304,0.5647069035432847,0.5801621963399345,0.02955621557601532,38
43,0.4594869136810303,0.018183240210376653,0.00930337905883789,0.0014671090424685249,0.9,0.9,0.01,10,6,1000,20,"{'bagging_fraction': 0.9, 'feature_fraction': 0.9, 'learning_rate': 0.01, 'max_bins': 10, 'max_depth': 6, 'n_estimators': 1000, 'num_leaves': 20}",0.579782113084008,0.5611743536869984,0.6218966037682572,0.5664269843216485,0.5609236458363707,0.5780407401394566,0.022972672408320464,39
103,0.4241669178009033,0.022867116260050762,0.008404397964477539,0.0007924366284818107,0.9,0.9,0.03,20,9,1000,20,"{'bagging_fraction': 0.9, 'feature_fraction': 0.9, 'learning_rate': 0.03, 'max_bins': 20, 'max_depth': 9, 'n_estimators': 1000, 'num_leaves': 20}",0.5937427306325633,0.5388076157828456,0.6242823151192265,0.5664238165266564,0.5635873332309324,0.5773687622584448,0.02920845741549102,40
10,4.517176008224487,0.2020039678174903,0.07776947021484375,0.0010313121253982462,0.9,0.9,0.001,10,6,10000,20,"{'bagging_fraction': 0.9, 'feature_fraction': 0.9, 'learning_rate': 0.001, 'max_bins': 10, 'max_depth': 6, 'n_estimators': 10000, 'num_leaves': 20}",0.5834538445328368,0.5604798872300576,0.6185654176790905,0.5642836938766169,0.556096085802205,0.5765757858241614,0.02297837445904448,41
44,0.5259246826171875,0.07151686815958883,0.009464454650878907,0.0015375224565623593,0.9,0.9,0.01,10,6,1000,30,"{'bagging_fraction': 0.9, 'feature_fraction': 0.9, 'learning_rate': 0.01, 'max_bins': 10, 'max_depth': 6, 'n_estimators': 1000, 'num_leaves': 30}",0.5836462685121461,0.5581131541762918,0.6171834564164923,0.557546345403623,0.5619039576920278,0.5756786364401163,0.022861326130006042,42
49,0.5527812004089355,0.043821841279705356,0.00792851448059082,0.0008963783795459126,0.9,0.9,0.01,10,9,1000,20,"{'bagging_fraction': 0.9, 'feature_fraction': 0.9, 'learning_rate': 0.01, 'max_bins': 10, 'max_depth': 9, 'n_estimators': 1000, 'num_leaves': 20}",0.5887885834508324,0.559233464226819,0.6193904595147003,0.5559346155538425,0.552011117396313,0.5750716480285013,0.025695032671859973,43
57,2.8423972129821777,0.47358176668686314,0.053684568405151366,0.0027767518116876846,0.9,0.9,0.01,20,3,10000,10,"{'bagging_fraction': 0.9, 'feature_fraction': 0.9, 'learning_rate': 0.01, 'max_bins': 20, 'max_depth': 3, 'n_estimators': 10000, 'num_leaves': 10}",0.587688604495252,0.5441172634175595,0.621691792275191,0.5416998828786099,0.5786448353079471,0.5747684756749118,0.029721312810445436,44
59,2.24257493019104,0.10386286766819205,0.04589776992797852,0.0018183408699104142,0.9,0.9,0.01,20,3,10000,30,"{'bagging_fraction': 0.9, 'feature_fraction': 0.9, 'learning_rate': 0.01, 'max_bins': 20, 'max_depth': 3, 'n_estimators': 10000, 'num_leaves': 30}",0.587688604495252,0.5441172634175595,0.621691792275191,0.5416998828786099,0.5786448353079471,0.5747684756749118,0.029721312810445436,44
58,2.298411226272583,0.20703617047653494,0.056911039352416995,0.01822694313038874,0.9,0.9,0.01,20,3,10000,20,"{'bagging_fraction': 0.9, 'feature_fraction': 0.9, 'learning_rate': 0.01, 'max_bins': 20, 'max_depth': 3, 'n_estimators': 10000, 'num_leaves': 20}",0.587688604495252,0.5441172634175595,0.621691792275191,0.5416998828786099,0.5786448353079471,0.5747684756749118,0.029721312810445436,44
11,5.148844432830811,0.560220689740907,0.09366469383239746,0.007666516127810413,0.9,0.9,0.001,10,6,10000,30,"{'bagging_fraction': 0.9, 'feature_fraction': 0.9, 'learning_rate': 0.001, 'max_bins': 10, 'max_depth': 6, 'n_estimators': 10000, 'num_leaves': 30}",0.583810368504355,0.558274054168749,0.616400377508933,0.5567552045678338,0.5554953161841462,0.5741470641868033,0.023584057617914232,47
16,5.725284385681152,0.2133561391813156,0.10577855110168458,0.019172487545288896,0.9,0.9,0.001,10,9,10000,20,"{'bagging_fraction': 0.9, 'feature_fraction': 0.9, 'learning_rate': 0.001, 'max_bins': 10, 'max_depth': 9, 'n_estimators': 10000, 'num_leaves': 20}",0.5791754234506645,0.5519989770691024,0.6203588014005441,0.5612457372973472,0.5568795131624902,0.5739316904760297,0.024962882208915557,48
78,0.25861325263977053,0.04418810357877364,0.007728958129882812,0.0014004198392401112,0.9,0.9,0.03,10,6,1000,10,"{'bagging_fraction': 0.9, 'feature_fraction': 0.9, 'learning_rate': 0.03, 'max_bins': 10, 'max_depth': 6, 'n_estimators': 1000, 'num_leaves': 10}",0.5877932303075675,0.5416509506867979,0.6023803872965101,0.5575528397333218,0.5649925897717182,0.5708739995591832,0.021656147870588192,49
104,0.6072033405303955,0.057424947788108784,0.010847949981689453,0.0014898840120743185,0.9,0.9,0.03,20,9,1000,30,"{'bagging_fraction': 0.9, 'feature_fraction': 0.9, 'learning_rate': 0.03, 'max_bins': 20, 'max_depth': 9, 'n_estimators': 1000, 'num_leaves': 30}",0.5985091423748039,0.5229846084467893,0.6217592984607554,0.5569589801792592,0.5536853909948414,0.5707794840912899,0.035029815605313715,50
84,0.29416909217834475,0.017674605829859927,0.008934879302978515,0.002611475783347187,0.9,0.9,0.03,10,9,1000,10,"{'bagging_fraction': 0.9, 'feature_fraction': 0.9, 'learning_rate': 0.03, 'max_bins': 10, 'max_depth': 9, 'n_estimators': 1000, 'num_leaves': 10}",0.5820161863341832,0.5414798630939965,0.6066325946149536,0.5567862246597408,0.5580886411730135,0.5690007019751775,0.02285268157794405,51
50,0.654362154006958,0.06056372936692659,0.010132884979248047,0.0011604561938560031,0.9,0.9,0.01,10,9,1000,30,"{'bagging_fraction': 0.9, 'feature_fraction': 0.9, 'learning_rate': 0.01, 'max_bins': 10, 'max_depth': 9, 'n_estimators': 1000, 'num_leaves': 30}",0.5809755490905855,0.5502996628462279,0.6033140650698359,0.5552543741726129,0.5491198284282021,0.567792695921493,0.02120116498083752,52
17,6.591403341293335,0.4496449813759053,0.10707359313964844,0.00458625360037368,0.9,0.9,0.001,10,9,10000,30,"{'bagging_fraction': 0.9, 'feature_fraction': 0.9, 'learning_rate': 0.001, 'max_bins': 10, 'max_depth': 9, 'n_estimators': 10000, 'num_leaves': 30}",0.5817279147693859,0.5492299596156694,0.5978308808756309,0.5490165108420515,0.5468129547248808,0.5649236441655237,0.020940847336052667,53
69,3.4431675910949706,0.4584859802133777,0.0632054328918457,0.008076743735497844,0.9,0.9,0.01,20,9,10000,10,"{'bagging_fraction': 0.9, 'feature_fraction': 0.9, 'learning_rate': 0.01, 'max_bins': 20, 'max_depth': 9, 'n_estimators': 10000, 'num_leaves': 10}",0.5791939170355984,0.508970787678277,0.6183959463727131,0.5428480965112688,0.5618129382635814,0.5622443371722877,0.03648222253599541,54
70,4.327329397201538,0.04695053573716366,0.0872467041015625,0.0032498887307395533,0.9,0.9,0.01,20,9,10000,20,"{'bagging_fraction': 0.9, 'feature_fraction': 0.9, 'learning_rate': 0.01, 'max_bins': 20, 'max_depth': 9, 'n_estimators': 10000, 'num_leaves': 20}",0.5843333069891439,0.5131978792016816,0.6137496271338011,0.5377283303898759,0.5478777437261741,0.5593773774881353,0.03553198229117083,55
63,3.9148860931396485,0.7924799969029751,0.06110200881958008,0.0087408495530453,0.9,0.9,0.01,20,6,10000,10,"{'bagging_fraction': 0.9, 'feature_fraction': 0.9, 'learning_rate': 0.01, 'max_bins': 20, 'max_depth': 6, 'n_estimators': 10000, 'num_leaves': 10}",0.5770150234884982,0.5010408002490496,0.6154162158314018,0.5315109171713377,0.5622218429737542,0.5574409599428083,0.03903966248113825,56
107,7.052000284194946,1.3069455129490721,0.13310685157775878,0.02375829769199182,0.9,0.9,0.03,20,9,10000,30,"{'bagging_fraction': 0.9, 'feature_fraction': 0.9, 'learning_rate': 0.03, 'max_bins': 20, 'max_depth': 9, 'n_estimators': 10000, 'num_leaves': 30}",0.5823568259486999,0.49378579300950554,0.6074342786658098,0.5355994134738513,0.5379012764425752,0.5514155175080884,0.03962179999405394,57
71,7.232761383056641,1.1289544091304964,0.12718524932861328,0.02466534067288025,0.9,0.9,0.01,20,9,10000,30,"{'bagging_fraction': 0.9, 'feature_fraction': 0.9, 'learning_rate': 0.01, 'max_bins': 20, 'max_depth': 9, 'n_estimators': 10000, 'num_leaves': 30}",0.581182817024277,0.49759671091359947,0.6010715492638179,0.5302093710667197,0.5432930505287882,0.5506706997594404,0.03677275867485765,58
64,4.148766088485718,0.20477770334769585,0.083685302734375,0.0017285278885805881,0.9,0.9,0.01,20,6,10000,20,"{'bagging_fraction': 0.9, 'feature_fraction': 0.9, 'learning_rate': 0.01, 'max_bins': 20, 'max_depth': 6, 'n_estimators': 10000, 'num_leaves': 20}",0.5694906901066977,0.5036996820171834,0.6032479112001514,0.5349460920116078,0.541099176706737,0.5504967104084756,0.033655780151991416,59
65,4.2477967739105225,0.24913156041120202,0.08740367889404296,0.00540409476312689,0.9,0.9,0.01,20,6,10000,30,"{'bagging_fraction': 0.9, 'feature_fraction': 0.9, 'learning_rate': 0.01, 'max_bins': 20, 'max_depth': 6, 'n_estimators': 10000, 'num_leaves': 30}",0.5669662193430149,0.509453505807796,0.6125379789019687,0.5162483608778125,0.5412043966794964,0.5492820923220176,0.03756814719746587,60
41,3.009365272521973,0.5101948004833572,0.05399165153503418,0.008825524684213569,0.9,0.9,0.01,10,3,10000,30,"{'bagging_fraction': 0.9, 'feature_fraction': 0.9, 'learning_rate': 0.01, 'max_bins': 10, 'max_depth': 3, 'n_estimators': 10000, 'num_leaves': 30}",0.5778195077336943,0.4993015562127787,0.5798225766001457,0.5170427609995394,0.5675678402551445,0.5483108483602606,0.03350876224367667,61
40,2.270514488220215,0.03495926723822799,0.04704804420471191,0.003080915848174816,0.9,0.9,0.01,10,3,10000,20,"{'bagging_fraction': 0.9, 'feature_fraction': 0.9, 'learning_rate': 0.01, 'max_bins': 10, 'max_depth': 3, 'n_estimators': 10000, 'num_leaves': 20}",0.5778195077336943,0.4993015562127787,0.5798225766001457,0.5170427609995394,0.5675678402551445,0.5483108483602606,0.03350876224367667,61
39,2.3414139270782472,0.0740171656086803,0.050365352630615236,0.003985261830678001,0.9,0.9,0.01,10,3,10000,10,"{'bagging_fraction': 0.9, 'feature_fraction': 0.9, 'learning_rate': 0.01, 'max_bins': 10, 'max_depth': 3, 'n_estimators': 10000, 'num_leaves': 10}",0.5778195077336943,0.4993015562127787,0.5798225766001457,0.5170427609995394,0.5675678402551445,0.5483108483602606,0.03350876224367667,61
106,5.155406188964844,0.6837798067761417,0.08787894248962402,0.006709781580130191,0.9,0.9,0.03,20,9,10000,20,"{'bagging_fraction': 0.9, 'feature_fraction': 0.9, 'learning_rate': 0.03, 'max_bins': 20, 'max_depth': 9, 'n_estimators': 10000, 'num_leaves': 20}",0.5656876098218548,0.4976794455358724,0.6031427429615388,0.5298643951587595,0.5394226529285469,0.5471593692813145,0.0354532638548993,64
101,4.989720106124878,0.8883965417819889,0.09610366821289062,0.007689259297014803,0.9,0.9,0.03,20,6,10000,30,"{'bagging_fraction': 0.9, 'feature_fraction': 0.9, 'learning_rate': 0.03, 'max_bins': 20, 'max_depth': 6, 'n_estimators': 10000, 'num_leaves': 30}",0.5599578788597492,0.5044002113064368,0.5959868508343634,0.5264743429956475,0.539185006468676,0.5452008580929746,0.0311401744930732,65
85,0.46026058197021485,0.02582351027827328,0.00858478546142578,0.0018553557991914248,0.9,0.9,0.03,10,9,1000,20,"{'bagging_fraction': 0.9, 'feature_fraction': 0.9, 'learning_rate': 0.03, 'max_bins': 10, 'max_depth': 9, 'n_estimators': 1000, 'num_leaves': 20}",0.5667926756415027,0.5023068023625628,0.5780057940470787,0.5198168159108856,0.5414693327522195,0.5416782841428498,0.028208160761402947,66
99,3.284012460708618,0.3078396433248945,0.05530190467834473,0.0025457908782548846,0.9,0.9,0.03,20,6,10000,10,"{'bagging_fraction': 0.9, 'feature_fraction': 0.9, 'learning_rate': 0.03, 'max_bins': 20, 'max_depth': 6, 'n_estimators': 10000, 'num_leaves': 10}",0.5567702053108926,0.4871392924028669,0.600570616086906,0.5181106817217329,0.5346531676347619,0.5394487926314321,0.03808019288343972,67
100,5.20214958190918,0.544645542616851,0.10396728515625,0.030321729604753073,0.9,0.9,0.03,20,6,10000,20,"{'bagging_fraction': 0.9, 'feature_fraction': 0.9, 'learning_rate': 0.03, 'max_bins': 20, 'max_depth': 6, 'n_estimators': 10000, 'num_leaves': 20}",0.559764906182364,0.4881597172772566,0.5972478948668465,0.5162837122989292,0.5343058125526283,0.539152408635605,0.03727380290031567,68
79,0.4006336212158203,0.02770363304875893,0.010849666595458985,0.004525381693955786,0.9,0.9,0.03,10,6,1000,20,"{'bagging_fraction': 0.9, 'feature_fraction': 0.9, 'learning_rate': 0.03, 'max_bins': 10, 'max_depth': 6, 'n_estimators': 1000, 'num_leaves': 20}",0.5620845029848672,0.5096917670667419,0.5793033676123442,0.5036578468157118,0.5409522951745485,0.5391379559308428,0.02921989844465652,69
105,3.316680908203125,0.6134544734602276,0.05553569793701172,0.005535685726086322,0.9,0.9,0.03,20,9,10000,10,"{'bagging_fraction': 0.9, 'feature_fraction': 0.9, 'learning_rate': 0.03, 'max_bins': 20, 'max_depth': 9, 'n_estimators': 10000, 'num_leaves': 10}",0.5456731933833283,0.48379835323193676,0.6031649124023142,0.510931239382225,0.5431540828199668,0.5373443562439542,0.040000738105421034,70
80,0.43605709075927734,0.030302808409825868,0.008892154693603516,0.0012328553637578298,0.9,0.9,0.03,10,6,1000,30,"{'bagging_fraction': 0.9, 'feature_fraction': 0.9, 'learning_rate': 0.03, 'max_bins': 10, 'max_depth': 6, 'n_estimators': 1000, 'num_leaves': 30}",0.5551116320010456,0.499897596221098,0.5870079264797039,0.4865705029116343,0.5445446882257841,0.5346264691678531,0.0368165738348029,71
86,0.6159606456756592,0.0547817223475418,0.010403299331665039,0.0016505387761765328,0.9,0.9,0.03,10,9,1000,30,"{'bagging_fraction': 0.9, 'feature_fraction': 0.9, 'learning_rate': 0.03, 'max_bins': 10, 'max_depth': 9, 'n_estimators': 1000, 'num_leaves': 30}",0.5594387314607783,0.47629673860286026,0.5793021536114018,0.51141076809357,0.5248392216944044,0.530257522692603,0.036202881463596535,72
93,2.3101886749267577,0.13451065007908944,0.046529722213745114,0.0019934225127965213,0.9,0.9,0.03,20,3,10000,10,"{'bagging_fraction': 0.9, 'feature_fraction': 0.9, 'learning_rate': 0.03, 'max_bins': 20, 'max_depth': 3, 'n_estimators': 10000, 'num_leaves': 10}",0.5546685319220304,0.4937025841313487,0.5771774798441909,0.48145382787485336,0.5378808509583133,0.5289766549461474,0.03623632413673985,73
94,2.2476172924041746,0.11902905299295968,0.051235628128051755,0.003846030685656511,0.9,0.9,0.03,20,3,10000,20,"{'bagging_fraction': 0.9, 'feature_fraction': 0.9, 'learning_rate': 0.03, 'max_bins': 20, 'max_depth': 3, 'n_estimators': 10000, 'num_leaves': 20}",0.5546685319220304,0.4937025841313487,0.5771774798441909,0.48145382787485336,0.5378808509583133,0.5289766549461474,0.03623632413673985,73
95,2.8914205551147463,0.42486477395217553,0.06845817565917969,0.01800999516287157,0.9,0.9,0.03,20,3,10000,30,"{'bagging_fraction': 0.9, 'feature_fraction': 0.9, 'learning_rate': 0.03, 'max_bins': 20, 'max_depth': 3, 'n_estimators': 10000, 'num_leaves': 30}",0.5546685319220304,0.4937025841313487,0.5771774798441909,0.48145382787485336,0.5378808509583133,0.5289766549461474,0.03623632413673985,73
45,3.0826147556304933,0.3506747771635416,0.0537297248840332,0.00432512366771322,0.9,0.9,0.01,10,6,10000,10,"{'bagging_fraction': 0.9, 'feature_fraction': 0.9, 'learning_rate': 0.01, 'max_bins': 10, 'max_depth': 6, 'n_estimators': 10000, 'num_leaves': 10}",0.557837869657742,0.48364375929470493,0.5746914818930724,0.47772344410005785,0.5378496245616426,0.5263492359014439,0.039112635051117416,76
51,3.199550437927246,0.17615801375047263,0.055665779113769534,0.0032266404961085915,0.9,0.9,0.01,10,9,10000,10,"{'bagging_fraction': 0.9, 'feature_fraction': 0.9, 'learning_rate': 0.01, 'max_bins': 10, 'max_depth': 9, 'n_estimators': 10000, 'num_leaves': 10}",0.5523981657289714,0.47916627534769096,0.5654896883993557,0.4915022574543372,0.5424669661346173,0.5262046706129945,0.034382385527089575,77
53,6.174654293060303,0.21366318060257378,0.11203222274780274,0.003337065974861801,0.9,0.9,0.01,10,9,10000,30,"{'bagging_fraction': 0.9, 'feature_fraction': 0.9, 'learning_rate': 0.01, 'max_bins': 10, 'max_depth': 9, 'n_estimators': 10000, 'num_leaves': 30}",0.5290263343921003,0.451961546570679,0.5425967545187668,0.48462682823638936,0.5199630686081493,0.5056349064652169,0.032987277109890654,78
52,4.842924690246582,0.3299397582386201,0.09010939598083496,0.005386739734563276,0.9,0.9,0.01,10,9,10000,20,"{'bagging_fraction': 0.9, 'feature_fraction': 0.9, 'learning_rate': 0.01, 'max_bins': 10, 'max_depth': 9, 'n_estimators': 10000, 'num_leaves': 20}",0.5418805670827883,0.4516279167728381,0.5517037114102856,0.4588441633741617,0.5116005651059536,0.5031313847492055,0.04134359020554913,79
89,6.349749183654785,0.06325222843662276,0.11632037162780762,0.009401007208746415,0.9,0.9,0.03,10,9,10000,30,"{'bagging_fraction': 0.9, 'feature_fraction': 0.9, 'learning_rate': 0.03, 'max_bins': 10, 'max_depth': 9, 'n_estimators': 10000, 'num_leaves': 30}",0.5301852351735437,0.4435508092360937,0.5484465634006623,0.4792320004680197,0.5063126525937072,0.5015454521744054,0.03715897291618464,80
47,4.996385192871093,0.2783888705829708,0.10383715629577636,0.010638420999783236,0.9,0.9,0.01,10,6,10000,30,"{'bagging_fraction': 0.9, 'feature_fraction': 0.9, 'learning_rate': 0.01, 'max_bins': 10, 'max_depth': 6, 'n_estimators': 10000, 'num_leaves': 30}",0.531429398065611,0.4496778466099497,0.5438661197238108,0.4592245842372338,0.518660597770338,0.5005717092813887,0.03860979364478071,81
46,5.200394344329834,1.1502135562063869,0.094989013671875,0.010117172688966686,0.9,0.9,0.01,10,6,10000,20,"{'bagging_fraction': 0.9, 'feature_fraction': 0.9, 'learning_rate': 0.01, 'max_bins': 10, 'max_depth': 6, 'n_estimators': 10000, 'num_leaves': 20}",0.5332677568944605,0.45150485589284184,0.5467632771733257,0.4453195822303547,0.5224193611004815,0.4998549666582928,0.04274996469944258,82
88,5.369567346572876,0.7888478715949266,0.08778586387634277,0.007601801359079654,0.9,0.9,0.03,10,9,10000,20,"{'bagging_fraction': 0.9, 'feature_fraction': 0.9, 'learning_rate': 0.03, 'max_bins': 10, 'max_depth': 9, 'n_estimators': 10000, 'num_leaves': 20}",0.5287981734541226,0.4535579146830967,0.5306222061209678,0.46372276322063055,0.5115553145359153,0.49765127440294654,0.03269832482960066,83
87,2.845865345001221,0.07210063403370755,0.054368114471435545,0.005262111959788817,0.9,0.9,0.03,10,9,10000,10,"{'bagging_fraction': 0.9, 'feature_fraction': 0.9, 'learning_rate': 0.03, 'max_bins': 10, 'max_depth': 9, 'n_estimators': 10000, 'num_leaves': 10}",0.52638791175339,0.45572479743470506,0.5350628279069307,0.4503000410260388,0.5165094996126387,0.4967970155467407,0.03626946733043558,84
26,0.6530427455902099,0.0912444773858178,0.009829902648925781,0.0011838148190543047,0.9,0.9,0.001,20,6,1000,30,"{'bagging_fraction': 0.9, 'feature_fraction': 0.9, 'learning_rate': 0.001, 'max_bins': 20, 'max_depth': 6, 'n_estimators': 1000, 'num_leaves': 30}",0.4815130994925406,0.5168552105658659,0.529027644829206,0.5070112556541531,0.4401141116354357,0.4949042644354401,0.03154080691505613,85
32,0.7206698894500733,0.0543956184512306,0.008989095687866211,0.002001962111106918,0.9,0.9,0.001,20,9,1000,30,"{'bagging_fraction': 0.9, 'feature_fraction': 0.9, 'learning_rate': 0.001, 'max_bins': 20, 'max_depth': 9, 'n_estimators': 1000, 'num_leaves': 30}",0.47949049846977543,0.5159217851172251,0.5287838445615923,0.5069494507308752,0.44038658564061695,0.4943064329040171,0.031440811400933466,86
81,2.7794599533081055,0.134110745030822,0.04999632835388183,0.002045827504964899,0.9,0.9,0.03,10,6,10000,10,"{'bagging_fraction': 0.9, 'feature_fraction': 0.9, 'learning_rate': 0.03, 'max_bins': 10, 'max_depth': 6, 'n_estimators': 10000, 'num_leaves': 10}",0.5326789023830988,0.4336759692642581,0.5324933826438722,0.4418793045196697,0.5222674706707839,0.49259900589633654,0.04499464313497782,87
83,5.691367483139038,0.6344504435155718,0.0985628604888916,0.004082144440061857,0.9,0.9,0.03,10,6,10000,30,"{'bagging_fraction': 0.9, 'feature_fraction': 0.9, 'learning_rate': 0.03, 'max_bins': 10, 'max_depth': 6, 'n_estimators': 10000, 'num_leaves': 30}",0.517828561601412,0.4438183869667671,0.5426929601576373,0.4387123091784362,0.5089890639789292,0.49040825637663643,0.0416506823175517,88
31,0.6058210372924805,0.14475971915742045,0.008013677597045899,0.00038927130535807797,0.9,0.9,0.001,20,9,1000,20,"{'bagging_fraction': 0.9, 'feature_fraction': 0.9, 'learning_rate': 0.001, 'max_bins': 20, 'max_depth': 9, 'n_estimators': 1000, 'num_leaves': 20}",0.4724806342919926,0.5159343713556632,0.5223791133105231,0.5030602967674342,0.4370655613194755,0.49018399540901775,0.03162398978536077,89
25,0.4548968315124512,0.05301104819142197,0.007173681259155273,0.0003311636501116367,0.9,0.9,0.001,20,6,1000,20,"{'bagging_fraction': 0.9, 'feature_fraction': 0.9, 'learning_rate': 0.001, 'max_bins': 20, 'max_depth': 6, 'n_estimators': 1000, 'num_leaves': 20}",0.47207532685252374,0.5163228407608977,0.5218893618415195,0.5035587756966471,0.4360201392143692,0.48997328887319147,0.032027424040135935,90
14,0.6908679008483887,0.09054455901899335,0.009563159942626954,0.0017034964958495568,0.9,0.9,0.001,10,9,1000,30,"{'bagging_fraction': 0.9, 'feature_fraction': 0.9, 'learning_rate': 0.001, 'max_bins': 10, 'max_depth': 9, 'n_estimators': 1000, 'num_leaves': 30}",0.4678974291396214,0.5142452504337648,0.5143779346754298,0.49326003981285227,0.437756599499706,0.4855074507122749,0.029358900749775537,91
82,4.523505163192749,0.32514282766067615,0.08960928916931152,0.005460325203165863,0.9,0.9,0.03,10,6,10000,20,"{'bagging_fraction': 0.9, 'feature_fraction': 0.9, 'learning_rate': 0.03, 'max_bins': 10, 'max_depth': 6, 'n_estimators': 10000, 'num_leaves': 20}",0.5157330784488658,0.44332527618367756,0.5291141905602279,0.43245868736000914,0.5050599144399104,0.4851382293985382,0.039472169155828477,92
8,0.6519888401031494,0.08252206383288302,0.008251190185546875,0.0008783306153858985,0.9,0.9,0.001,10,6,1000,30,"{'bagging_fraction': 0.9, 'feature_fraction': 0.9, 'learning_rate': 0.001, 'max_bins': 10, 'max_depth': 6, 'n_estimators': 1000, 'num_leaves': 30}",0.4659047670561075,0.5144938346074085,0.5129344982853381,0.49508731571337405,0.4353866316242033,0.48476140945728635,0.030258241945435835,93
7,0.4698915958404541,0.051610388532680185,0.007576656341552734,0.0009914510797108475,0.9,0.9,0.001,10,6,1000,20,"{'bagging_fraction': 0.9, 'feature_fraction': 0.9, 'learning_rate': 0.001, 'max_bins': 10, 'max_depth': 6, 'n_estimators': 1000, 'num_leaves': 20}",0.457772402608287,0.5111085185978628,0.5098329598751568,0.49438227852004624,0.4320826436684302,0.4810357606539566,0.031142801680798624,94
13,0.5549880027770996,0.04999060849629767,0.007119178771972656,0.00180213957811751,0.9,0.9,0.001,10,9,1000,20,"{'bagging_fraction': 0.9, 'feature_fraction': 0.9, 'learning_rate': 0.001, 'max_bins': 10, 'max_depth': 9, 'n_estimators': 1000, 'num_leaves': 20}",0.45808719601361647,0.5100615674457571,0.5100563936050294,0.4938867752525121,0.4318198235146459,0.4807823511663122,0.03097859641338977,95
76,2.1724487781524657,0.0945392366121397,0.04710311889648437,0.002925621420419898,0.9,0.9,0.03,10,3,10000,20,"{'bagging_fraction': 0.9, 'feature_fraction': 0.9, 'learning_rate': 0.03, 'max_bins': 10, 'max_depth': 3, 'n_estimators': 10000, 'num_leaves': 20}",0.5274643709827027,0.4133649962718571,0.5076844745133835,0.4203448396639018,0.5313071501631537,0.4800331663189997,0.052250696983450536,96
77,2.1391425132751465,0.07375264614616706,0.050240087509155276,0.010666425993995846,0.9,0.9,0.03,10,3,10000,30,"{'bagging_fraction': 0.9, 'feature_fraction': 0.9, 'learning_rate': 0.03, 'max_bins': 10, 'max_depth': 3, 'n_estimators': 10000, 'num_leaves': 30}",0.5274643709827027,0.4133649962718571,0.5076844745133835,0.4203448396639018,0.5313071501631537,0.4800331663189997,0.052250696983450536,96
75,2.027344846725464,0.026812854368032574,0.04884800910949707,0.00607897286133442,0.9,0.9,0.03,10,3,10000,10,"{'bagging_fraction': 0.9, 'feature_fraction': 0.9, 'learning_rate': 0.03, 'max_bins': 10, 'max_depth': 3, 'n_estimators': 10000, 'num_leaves': 10}",0.5274643709827027,0.4133649962718571,0.5076844745133835,0.4203448396639018,0.5313071501631537,0.4800331663189997,0.052250696983450536,96
24,0.3058337211608887,0.02228473593841575,0.007502317428588867,0.001546616423410789,0.9,0.9,0.001,20,6,1000,10,"{'bagging_fraction': 0.9, 'feature_fraction': 0.9, 'learning_rate': 0.001, 'max_bins': 20, 'max_depth': 6, 'n_estimators': 1000, 'num_leaves': 10}",0.45348499039035406,0.4965631533134337,0.4918858958260901,0.48594806565740767,0.42796946090156207,0.4711703132177695,0.026349185727266886,99
30,0.3100273609161377,0.027050714427690848,0.006097126007080078,0.0007037972110208857,0.9,0.9,0.001,20,9,1000,10,"{'bagging_fraction': 0.9, 'feature_fraction': 0.9, 'learning_rate': 0.001, 'max_bins': 20, 'max_depth': 9, 'n_estimators': 1000, 'num_leaves': 10}",0.45348499039035406,0.49640934788449875,0.49191846562953545,0.4859326418893596,0.42796946090156207,0.47114298133906196,0.02632299981543509,100
12,0.33285961151123045,0.025137638871856275,0.006531381607055664,0.0014017026510808616,0.9,0.9,0.001,10,9,1000,10,"{'bagging_fraction': 0.9, 'feature_fraction': 0.9, 'learning_rate': 0.001, 'max_bins': 10, 'max_depth': 9, 'n_estimators': 1000, 'num_leaves': 10}",0.4420835246757985,0.49292743254798665,0.4869027611203718,0.49083696320706005,0.4179404236382953,0.4661382210379025,0.03053035189497043,101
6,0.3000439167022705,0.018586942648833985,0.006438302993774414,0.0006192799921261886,0.9,0.9,0.001,10,6,1000,10,"{'bagging_fraction': 0.9, 'feature_fraction': 0.9, 'learning_rate': 0.001, 'max_bins': 10, 'max_depth': 6, 'n_estimators': 1000, 'num_leaves': 10}",0.4420835246757985,0.4929216779542447,0.4869027611203718,0.49083696320706005,0.4179404236382953,0.4661370701191541,0.030529342078033993,102
19,0.23778295516967773,0.06224880313632069,0.005854368209838867,0.0008365516731395349,0.9,0.9,0.001,20,3,1000,20,"{'bagging_fraction': 0.9, 'feature_fraction': 0.9, 'learning_rate': 0.001, 'max_bins': 20, 'max_depth': 3, 'n_estimators': 1000, 'num_leaves': 20}",0.4415572714794248,0.4862370250234367,0.48552627433150397,0.47492064343654816,0.41130743237760004,0.4599097293297028,0.029235791068019008,103
18,0.22208080291748047,0.01723023779370413,0.007793426513671875,0.002252398405156835,0.9,0.9,0.001,20,3,1000,10,"{'bagging_fraction': 0.9, 'feature_fraction': 0.9, 'learning_rate': 0.001, 'max_bins': 20, 'max_depth': 3, 'n_estimators': 1000, 'num_leaves': 10}",0.4415572714794248,0.4862370250234367,0.48552627433150397,0.47492064343654816,0.41130743237760004,0.4599097293297028,0.029235791068019008,103
20,0.37624096870422363,0.2674388211357378,0.00544123649597168,0.0006066904570786614,0.9,0.9,0.001,20,3,1000,30,"{'bagging_fraction': 0.9, 'feature_fraction': 0.9, 'learning_rate': 0.001, 'max_bins': 20, 'max_depth': 3, 'n_estimators': 1000, 'num_leaves': 30}",0.4415572714794248,0.4862370250234367,0.48552627433150397,0.47492064343654816,0.41130743237760004,0.4599097293297028,0.029235791068019008,103
2,0.29877305030822754,0.2563938426949444,0.05228261947631836,0.08885952610531209,0.9,0.9,0.001,10,3,1000,30,"{'bagging_fraction': 0.9, 'feature_fraction': 0.9, 'learning_rate': 0.001, 'max_bins': 10, 'max_depth': 3, 'n_estimators': 1000, 'num_leaves': 30}",0.4286974307089584,0.4842702380682876,0.4802200203121667,0.48211774661534423,0.404518426580708,0.45596477245709305,0.03305670558099199,106
1,0.5252217292785645,0.5816109236535564,0.005881786346435547,0.0025278785179092193,0.9,0.9,0.001,10,3,1000,20,"{'bagging_fraction': 0.9, 'feature_fraction': 0.9, 'learning_rate': 0.001, 'max_bins': 10, 'max_depth': 3, 'n_estimators': 1000, 'num_leaves': 20}",0.4286974307089584,0.4842702380682876,0.4802200203121667,0.48211774661534423,0.404518426580708,0.45596477245709305,0.03305670558099199,106
0,0.2159719467163086,0.07240467979530912,0.004988479614257813,0.0007167963348225525,0.9,0.9,0.001,10,3,1000,10,"{'bagging_fraction': 0.9, 'feature_fraction': 0.9, 'learning_rate': 0.001, 'max_bins': 10, 'max_depth': 3, 'n_estimators': 1000, 'num_leaves': 10}",0.4286974307089584,0.4842702380682876,0.4802200203121667,0.48211774661534423,0.404518426580708,0.45596477245709305,0.03305670558099199,106
